SKU,Title,Average Rating,Rating Count,Sponsored,Price,Old Price,Discount,Express,Rank,Link
productBox-ZE5D7520215AA49D4ED49Z,"TYCOM Tycom
Resistance Loop Band…",5.0,2,N,AED 28.90,49,41% OFF,Y,1,https://www.noon.com/uae-en/tycom-resistance-loop-bands-resistance-exercise-bands-set-workout-bands-flex-bands-for-home-fitness-stretching-strength-training-physical-therapy-yoga/ZE5D7520215AA49D4ED49Z/p/?o=ze5d7520215aa49d4ed49z-1
productBox-ZE5D7520215AA49D4ED49Z,Generic Portable Pilates,N/A,N/A,N,AED 36,65,44% OFF,Y,2,https://www.noon.com/uae-en/portable-pilates-studio-exercise-stick-kit-yoga-belt-pilates-bar-with-foot-strap-for-full-body-workout/ZC4AC12C1B1374B0D96E2Z/p/?o=zc4ac12c1b1374b0d96e2z-1
productBox-ZE5D7520215AA49D4ED49Z,"Generic 5 Packs
Cooling Towel, Quick …",N/A,N/A,N,AED 30.90,79.95,61% OFF,Y,3,https://www.noon.com/uae-en/5-packs-cooling-towel-quick-dry-sports-towel-for-yoga-fitness-golf-tennis-camping-games-fitness-towel-30x80cm/ZD47F076F0E799BD13A58Z/p/?o=zd47f076f0e799bd13a58z-1
productBox-ZE5D7520215AA49D4ED49Z,"Bernessi 8MM Yoga
Mat with Carrying Stra…",4.8,62,N,AED 69.90,165,57% OFF,Y,4,https://www.noon.com/uae-en/8mm-yoga-mat-with-carrying-strap-anti-slip-for-home-workout-exercises-meditation-eco-friendly-non-skid-tpe-yoga-mattres-for-pilates-183x61x0-8cm-thick-pink-black-color/Z24E1B5B4FDE8BB5C6111Z/p/?o=z24e1b5b4fde8bb5c6111z-1
productBox-ZE5D7520215AA49D4ED49Z,"Bernessi 8MM Yoga
Mat with Carrying Stra…",5.0,4,N,AED 61.25,180,65% OFF,Y,5,https://www.noon.com/uae-en/8mm-yoga-mat-with-carrying-strap-anti-slip-for-home-workout-exercises-meditation-eco-friendly-non-skid-tpe-yoga-mattres-for-pilates-183x61x0-8cm-thick-light-pink-black-color/Z212ACDF2F7760CD34A11Z/p/?o=z212acdf2f7760cd34a11z-1
productBox-ZE5D7520215AA49D4ED49Z,"Cool Baby Style Pilates
Reformer Pilates Dirac…",N/A,N/A,N,"AED 4,299","4,999",14% OFF,Y,6,https://www.noon.com/uae-en/pilates-reformer-pilates-dirac-loft-bed-yoga-bed-home-commercial-fitness-equipment/ZD5319B6FE6A3815BBE65Z/p/?o=zd5319b6fe6a3815bbe65z-1
productBox-ZE5D7520215AA49D4ED49Z,"NNEWVANTE
Nnewvante Silk Sleep …",4.1,4,N,AED 23.95,35.95,33% OFF,Y,7,https://www.noon.com/uae-en/nnewvante-silk-sleep-mask-2-pack-100-real-natural-pure-silk-eye-mask-with-adjustable-strap-eye-mask-for-sleeping-eye-sleep-shade-cover-blocks-light-reduces-puffy-eyes-gifts/Z549615CC1C4033D14D98Z/p/?o=z549615cc1c4033d14d98z-1
productBox-ZE5D7520215AA49D4ED49Z,"Qiccijoo Qiccijoo Ankle
Weights Set 1 Pair 4kg…",N/A,N/A,N,AED 89,N/A,N/A,Y,8,https://www.noon.com/uae-en/qiccijoo-ankle-weights-set-1-pair-4kg-8-8lb-workout-ankle-weights-for-women-or-men-wrist-leg-weights-for-fitness-running-walking-2-2kg-4-4lb-blue/ZFC4F2BC1E9DC7B33305BZ/p/?o=zfc4f2bc1e9dc7b33305bz-1
productBox-ZE5D7520215AA49D4ED49Z,"MahMir MahMir Yoga
Mat Anti Slip Exercise …",4.5,29,N,AED 49.95,69.95,28% OFF,Y,9,https://www.noon.com/uae-en/mahmir-yoga-mat-anti-slip-exercise-mat-with-carrying-bag-fitness-mat-for-pilates-183cmx61cmx6mm-thickness-for-woman-man-beginners-dark-grey-black/Z83C8A1AAB21D372A0063Z/p/?o=z83c8a1aab21d372a0063z-1
productBox-ZE5D7520215AA49D4ED49Z,"YooA 3-Pair Non-slip
Yoga Socks, Cotton Pil…",5.0,3,N,AED 32.80,50,34% OFF,Y,10,https://www.noon.com/uae-en/3-pair-non-slip-yoga-socks-cotton-pilates-socks-with-straps-breathable-moisture-wicking-machine-washable-ideal-for-yoga-pilates-ballet-dance-workout-purple-black-grey-fit-size-36-42/Z230C9460E2B3F2772EA3Z/p/?o=z230c9460e2b3f2772ea3z-1
productBox-ZE5D7520215AA49D4ED49Z,"Fitness World Anti-Slip
Yoga Mat With Carry S…",4.1,215,N,AED 37.95,N/A,N/A,Y,11,https://www.noon.com/uae-en/anti-slip-yoga-mat-with-carry-strap/N27330175A/p/?o=f2f2a89d50d79c1a
productBox-ZE5D7520215AA49D4ED49Z,"RIGID FITNESS Yoga
Mat 6mm with Alignm…",4.9,22,N,AED 75.85,96,20% OFF,Y,12,https://www.noon.com/uae-en/yoga-mat-6mm-with-alignments-anti-slip-tpe-yoga-mat-with-carry-bag-precision-alignment-lines-double-colors-lightweight-durable-for-all-fitness-exercises-183-66cm-0-6cm-thick/Z576A0EBA8EADCC851199Z/p/?o=z576a0eba8eadcc851199z-1
productBox-ZE5D7520215AA49D4ED49Z,"LIMOS Sports Yoga
Socks for Women Pac…",5.0,12,N,AED 39,N/A,N/A,N,13,https://www.noon.com/uae-en/sports-yoga-socks-for-women-pack-of-3-pairs/Z8DE7372A006C4309D78BZ/p/?o=e7de247caff55d2e
productBox-ZE5D7520215AA49D4ED49Z,"Bernessi 8MM Yoga
Mat with Carrying Stra…",4.8,62,N,AED 69.90,165,57% OFF,Y,14,https://www.noon.com/uae-en/8mm-yoga-mat-with-carrying-strap-anti-slip-for-home-workout-exercises-meditation-eco-friendly-non-skid-tpe-yoga-mattres-for-pilates-183x61x0-8cm-thick-pink-black-color/Z24E1B5B4FDE8BB5C6111Z/p/?o=z24e1b5b4fde8bb5c6111z-1
productBox-ZE5D7520215AA49D4ED49Z,"Generic Sports Fitness
Pilates Circle Yoga Rin…",5.0,1,N,AED 27.90,55,49% OFF,Y,15,https://www.noon.com/uae-en/sports-fitness-pilates-circle-yoga-ring-for-women-38x38cm-pink/Z166CFFAB78D35C181A54Z/p/?o=z166cffab78d35c181a54z-1
productBox-ZE5D7520215AA49D4ED49Z,"Gaiam Cushion Support
Kit Midnight Capri",5.0,1,N,AED 48,175,72% OFF,Y,16,https://www.noon.com/uae-en/cushion-support-kit-midnight-capri/ZD9C91ADAE0A2F662E7EEZ/p/?o=zd9c91adae0a2f662e7eez-1
productBox-ZE5D7520215AA49D4ED49Z,"body heart Yoga Ball
With Air Pump - 65 cm…",4.3,60,N,AED 37.45,N/A,N/A,Y,17,https://www.noon.com/uae-en/yoga-ball-with-air-pump-65-cm-65cm-65cm/N16529616A/p/?o=be578ba74d4a4a8f
productBox-ZE5D7520215AA49D4ED49Z,"RIGID FITNESS
Microfiber Gym Towel …",4.1,20,N,AED 45.75,N/A,N/A,N,18,https://www.noon.com/uae-en/microfiber-gym-towel-face-towel-yoga-towel-quick-dry-high-absorbent-sweat-towel-for-gym-exercises-and-outdoor-thick-400gsm-75x35cm-grey/Z0BBD9C7C83B7E8DF4FD6Z/p/?o=f433e986d29277cf
productBox-ZE5D7520215AA49D4ED49Z,"Cool Baby Yoga Foam
Roller",4.4,15,N,AED 42.25,120,64% OFF,Y,19,https://www.noon.com/uae-en/yoga-foam-roller/N48797189A/p/?o=c194847cd94e357c
productBox-ZE5D7520215AA49D4ED49Z,"Longchamp
Longchamp Le Pliage …",5.0,1,N,AED 165,N/A,N/A,Y,20,https://www.noon.com/uae-en/longchamp-le-pliage-original-large-black-tote-bag-with-handle-for-women-l1899089001/Z806209A62BA1D05C47E5Z/p/?o=z806209a62ba1d05c47e5z-1
productBox-ZE5D7520215AA49D4ED49Z,"Generic Anti-Tear
Exercise Mat With Car…",4.3,1.6K,N,AED 39.75,N/A,N/A,Y,21,https://www.noon.com/uae-en/anti-tear-exercise-mat-with-carrying-strap/N20034889A/p/?o=f2d873be1dd8236b
productBox-ZE5D7520215AA49D4ED49Z,"GROIC 12 Pack Puzzle
Exercise Floor Mat, EV…",2.6,6,N,AED 69.70,200,65% OFF,Y,22,https://www.noon.com/uae-en/12-pack-puzzle-exercise-floor-mat-eva-foam-mats-with-interlocking-floor-tiles-12-x-12-foam-gym-mat-protective-flooring-mats-interlocking-for-home-and-gym-equipment/Z6744CF0C300C15718ECAZ/p/?o=z6744cf0c300c15718ecaz-1
productBox-ZE5D7520215AA49D4ED49Z,"Generic 6Pcs Cooling
Towel, Ice Sports Tow…",N/A,N/A,N,AED 29.90,99.90,70% OFF,Y,23,https://www.noon.com/uae-en/6pcs-cooling-towel-ice-sports-towel-cool-towel-for-instant-cooling-for-yoga-travel-golf-gym-camping-fitness-running-workout-more-activities-31-5-x11-8/Z3D591942C928706275A9Z/p/?o=z3d591942c928706275a9z-1
productBox-ZE5D7520215AA49D4ED49Z,"WENBO Pilates
Exercise Resistance B…",N/A,N/A,N,AED 33,40,17% OFF,Y,24,https://www.noon.com/uae-en/pilates-exercise-resistance-band-pilates-stick-for-man-women-home-gym-workout-fitness-yoga-pink/Z8FBFEA550DEC00C9F00BZ/p/?o=z8fbfea550dec00c9f00bz-1
productBox-ZE5D7520215AA49D4ED49Z,"Generic Pilates Yoga
Bed Yoga Studio Pilat…",N/A,N/A,N,"AED 1,969","2,500",21% OFF,Y,25,https://www.noon.com/uae-en/pilates-yoga-bed-yoga-studio-pilates-core-bed-pilates-training-bed-strength-adjustment-stainless-steel-yoga-training-bed/Z3C8FFE396E1C4B2EFA2DZ/p/?o=z3c8ffe396e1c4b2efa2dz-1
productBox-ZE5D7520215AA49D4ED49Z,"Spall Yoga Mat Non
Slip,Yoga Mat with Str…",5.0,1,N,AED 42,80,47% OFF,Y,26,https://www.noon.com/uae-en/yoga-mat-non-slip-yoga-mat-with-strap-included-10mm-thick-exercise-mat-yoga-and-many-other-home-workouts/ZA3EF4D0BF060CAC7F4CDZ/p/?o=za3ef4d0bf060cac7f4cdz-1
productBox-ZE5D7520215AA49D4ED49Z,FFA SPORTS Fitness for,N/A,N/A,N,AED 44,50,12% OFF,Y,27,https://www.noon.com/uae-en/ffa-sports-extra-10mm-thick-exercise-mat-non-slip-with-carrying-strap-ideal-for-pilates-yoga-and-many-other-home-workouts/ZBB78D5C43CF34B9706F2Z/p/?o=zbb78d5c43cf34b9706f2z-1
productBox-ZE5D7520215AA49D4ED49Z,"Fazza 3 Pairs Non Slip
Socks, Women Fashio…",4.0,1,N,AED 52.50,75,30% OFF,Y,28,https://www.noon.com/uae-en/3-pairs-non-slip-socks-women-fashion-all-season-socks-sports-casual-simple-striped-colors-for-pilates-yoga-barre-ballet-dance-fitness-football-mid-tube-socks-free-size/ZD7445E31DDB7FA7F9DA9Z/p/?o=zd7445e31ddb7fa7f9da9z-1
productBox-ZE5D7520215AA49D4ED49Z,"RIGID FITNESS Yoga
Mat 6mm with Alignm…",5.0,7,N,AED 69.75,95,26% OFF,Y,29,https://www.noon.com/uae-en/yoga-mat-6mm-with-alignments-anti-slip-tpe-yoga-mat-with-carry-bag-precision-alignment-lines-lightweight-durable-for-all-fitness-exercises-thick-training-mat-183-66cm-green/ZFC2F5FDADFE479BB0DF4Z/p/?o=zfc2f5fdadfe479bb0df4z-1
productBox-ZE5D7520215AA49D4ED49Z,"Pro Hanson Yoga Mat
With Carry Strap",4.4,533,N,AED 31.75,35,9% OFF,Y,30,https://www.noon.com/uae-en/yoga-mat-with-carry-strap/N16718791A/p/?o=fbd46c9b79caa32e
productBox-ZE5D7520215AA49D4ED49Z,"ALSAQER Alsaqer
Traditional Arabic Out…",N/A,N/A,N,AED 49.95,59.95,16% OFF,Y,31,https://www.noon.com/uae-en/alsaqer-traditional-arabic-outdoor-carpet-arabic-sadu-mat-foldable-1-8x2-5-mtr-majlis-mat-majlis-carpet-outdoor-camping-mat-camping-carpet-majlis-mat-sadu-carpet-picnic-mat-multicolour/Z719A382A1CA26C55AB50Z/p/?o=z719a382a1ca26c55ab50z-1
productBox-ZE5D7520215AA49D4ED49Z,"spa luxetique Gym
Flooring EVA Foam Fl…",N/A,N/A,N,AED 77,100,23% OFF,Y,32,https://www.noon.com/uae-en/gym-flooring-eva-foam-floor-32-pcs-for-home-gym-interlocking-exercise-mat-tiles-for-home-gym-exercise-eva-foam-floor-padding-with-border-for-workout-equipment-floor-padding-for-kids-baby-play-mat/Z0A0252AD40FA37EEE1C0Z/p/?o=z0a0252ad40fa37eee1c0z-1
productBox-ZE5D7520215AA49D4ED49Z,"Spall Yoga Mat Non
Slip,Yoga Mat with Str…",4.3,11,N,AED 42,80,47% OFF,Y,33,https://www.noon.com/uae-en/yoga-mat-non-slip-yoga-mat-with-strap-included-10mm-thick-exercise-mat-yoga-and-many-other-home-workouts/Z3859B43C495F32F447DCZ/p/?o=z3859b43c495f32f447dcz-1
productBox-ZE5D7520215AA49D4ED49Z,"NNEWVANTE
Nnewvante Silk Sleep …",4.1,4,N,AED 23.95,35.95,33% OFF,Y,34,https://www.noon.com/uae-en/nnewvante-silk-sleep-mask-2-pack-100-real-natural-pure-silk-eye-mask-with-adjustable-strap-eye-mask-for-sleeping-eye-sleep-shade-cover-blocks-light-reduces-puffy-eyes-gifts/Z549615CC1C4033D14D98Z/p/?o=z549615cc1c4033d14d98z-1
productBox-ZE5D7520215AA49D4ED49Z,FFA SPORTS Fitness for,N/A,N/A,N,AED 44,50,12% OFF,Y,35,https://www.noon.com/uae-en/ffa-sports-extra-10mm-thick-exercise-mat-non-slip-with-carrying-strap-ideal-for-pilates-yoga-and-many-other-home-workouts/ZE302022BCDD355B5D1DFZ/p/?o=ze302022bcdd355b5d1dfz-1
productBox-ZE5D7520215AA49D4ED49Z,"Kanteen Store Anti
Burst Sports Swiss Yo…",4.4,292,N,AED 29,44,34% OFF,Y,36,https://www.noon.com/uae-en/anti-burst-sports-swiss-yoga-aerobic-body-fitness-ball-65cm-65cm/N22815219A/p/?o=cd4a3abe48782d5a
productBox-ZE5D7520215AA49D4ED49Z,"YooA 3-Pair Non-slip
Yoga Socks, Cotton Pil…",5.0,1,N,AED 32.80,50,34% OFF,Y,37,https://www.noon.com/uae-en/3-pair-non-slip-yoga-socks-cotton-pilates-socks-with-straps-breathable-moisture-wicking-machine-washable-ideal-for-yoga-pilates-ballet-dance-workout-pink-black-grey-fit-size-36-42/Z28459E600CA113B6F24FZ/p/?o=z28459e600ca113b6f24fz-1
productBox-ZE5D7520215AA49D4ED49Z,"MahMir MahMir Yoga
Mat Anti-Slip Exercise …",5.0,12,N,AED 49.95,59.95,16% OFF,Y,38,https://www.noon.com/uae-en/mahmir-yoga-mat-anti-slip-exercise-mat-with-carrying-bag-fitness-mat-for-pilates-183cm-61cm-6mm-thickness-for-woman-man-beginners-black-light-grey/ZB6A26C6FF922D524ABBAZ/p/?o=zb6a26c6ff922d524abbaz-1
productBox-ZE5D7520215AA49D4ED49Z,"Longchamp
Longchamp Le Pliage …",5.0,3,N,AED 165,N/A,N/A,Y,39,https://www.noon.com/uae-en/longchamp-le-pliage-original-large-navy-tote-bag-for-women-l1899089p68/Z8CEEC76F0B9EC0122F38Z/p/?o=z8ceec76f0b9ec0122f38z-1
productBox-ZE5D7520215AA49D4ED49Z,"Emfil Anti Skid Yoga
Mat",4.5,387,N,AED 30.05,N/A,N/A,Y,40,https://www.noon.com/uae-en/anti-skid-yoga-mat/N16718794A/p/?o=a5c620b3ccf5175a
productBox-ZE5D7520215AA49D4ED49Z,"ZCM-HAPPY Yoga Mat
with Straps, Non-Slip …",N/A,N/A,N,AED 44,N/A,N/A,Y,41,https://www.noon.com/uae-en/yoga-mat-with-straps-non-slip-tpe-pilates-fitness-mat-for-home-exercise-and-meditation-183x61x0-6cm/ZA4D68DC410E6B28CE258Z/p/?o=za4d68dc410e6b28ce258z-1
productBox-ZE5D7520215AA49D4ED49Z,"MahMir Mahmir EVA
Foam Roller for Yoga, …",3.0,10,N,AED 26.70,29.95,10% OFF,Y,42,https://www.noon.com/uae-en/mahmir-eva-foam-roller-for-yoga-deep-tissue-massage-stretching-physical-therapy-relieve-stress-improve-mobility-with-foam-roller-for-legs-and-muscles-deep-tissue-massage-tool-black/Z64EE8D8F808FF4902AEDZ/p/?o=z64ee8d8f808ff4902aedz-1
productBox-ZE5D7520215AA49D4ED49Z,"WENBO Set of 2 Yoga
Blocks EVA Foam Hig…",5.0,1,N,AED 31.50,39,19% OFF,Y,43,https://www.noon.com/uae-en/set-of-2-yoga-blocks-eva-foam-high-density-non-slip-yoga-bricks-for-meditation-balance-exercise/ZBCE778416BAE21D1E4CCZ/p/?o=zbce778416bae21d1e4ccz-1
productBox-ZE5D7520215AA49D4ED49Z,"TNGames Multipurpose
Gym Duffel Bag,Porta…",N/A,N/A,N,AED 46,N/A,N/A,Y,44,https://www.noon.com/uae-en/multipurpose-gym-duffel-bag-portable-luggage-handbag-wet-and-dry-separation-shoes-compartment-crossbody-bag-for-women-yoga-sports-travel-peach-pink/Z8171D9598AFA21212858Z/p/?o=z8171d9598afa21212858z-1
productBox-ZE5D7520215AA49D4ED49Z,"Cool Baby Style
COOLBABY Pilates Re…",N/A,N/A,N,"AED 4,369","5,499",20% OFF,Y,45,https://www.noon.com/uae-en/coolbaby-pilates-reformer-pilates-core-bed-yoga-bed-sports-aluminum-alloy-material-home-stretch-home-stretch-training-fitness-equipment-folding-model/Z3FC10B9FD90B6EEE796CZ/p/?o=z3fc10b9fd90b6eee796cz-1
productBox-ZE5D7520215AA49D4ED49Z,"Spall Yoga Mat Non
Slip,Yoga Mat with Str…",5.0,3,N,AED 42,80,47% OFF,Y,46,https://www.noon.com/uae-en/yoga-mat-non-slip-yoga-mat-with-strap-included-10mm-thick-exercise-mat-yoga-and-many-other-home-workouts/Z8F3CCD36722268B4DBE6Z/p/?o=z8f3ccd36722268b4dbe6z-1
productBox-ZE5D7520215AA49D4ED49Z,"GROIC Yoga Mat Non
Slip, Pilates Fitness M…",4.9,8,N,AED 118.50,400,70% OFF,Y,47,https://www.noon.com/uae-en/yoga-mat-non-slip-pilates-fitness-mats-anti-tear-72-x-31-5-x-0-6-thick-yoga-mats-for-women-exercise-mats-for-yoga-pilates-home-floor-workout-with-carrying-sling-and-storage-bag/Z54B10CD732976EE884EEZ/p/?o=z54b10cd732976ee884eez-1
productBox-ZE5D7520215AA49D4ED49Z,"RIGID FITNESS 6mm
Anti-Slip TPE Yoga Ma…",4.6,23,N,AED 79.75,89.95,11% OFF,Y,48,https://www.noon.com/uae-en/6mm-anti-slip-tpe-yoga-mat-with-strap-bag-knee-support-non-slip-lightweight-for-yoga-pilates-fitness-home-workouts-183-66-cm-pink-black/Z2B5045D950DFD7AE4E59Z/p/?o=z2b5045d950dfd7ae4e59z-1
productBox-ZE5D7520215AA49D4ED49Z,"MahMir Mahmir® EVA
Foam Roller for Yoga, …",3.9,3,N,AED 29.95,N/A,N/A,N,49,https://www.noon.com/uae-en/mahmir-eva-foam-roller-for-yoga-deep-tissue-massage-stretching-physical-therapy-relieve-stress-improve-mobility-with-foam-roller-for-legs-and-muscles-deep-tissue-massage-tool-purple/Z3E2E257C831381D4E87DZ/p/?o=d4079efcfcdd6bfe
productBox-ZE5D7520215AA49D4ED49Z,"body heart Yoga Ball
With Air Pump - 85 cm…",3.9,76,N,AED 31.05,31.55,N/A,Y,50,https://www.noon.com/uae-en/yoga-ball-with-air-pump-85-cm-85cm/N16529626A/p/?o=f6b3408a39c732fa
productBox-ZE5D7520215AA49D4ED49Z,"321 STRONG Massage
Foam Roller",5.0,17,N,AED 38,N/A,N/A,Y,51,https://www.noon.com/uae-en/massage-foam-roller/N34146072A/p/?o=a2a03188f88022fc
productBox-ZE5D7520215AA49D4ED49Z,"Spall Yoga Mat Non
Slip,Yoga Mat with Str…",5.0,5,N,AED 42,80,47% OFF,Y,52,https://www.noon.com/uae-en/yoga-mat-non-slip-yoga-mat-with-strap-included-10mm-thick-exercise-mat-yoga-and-many-other-home-workouts/Z4247101839A17521A8B9Z/p/?o=z4247101839a17521a8b9z-1
productBox-ZE5D7520215AA49D4ED49Z,"Cool Baby Yoga Foam
Roller",4.4,15,N,AED 42.25,120,64% OFF,Y,53,https://www.noon.com/uae-en/yoga-foam-roller/N48797189A/p/?o=c194847cd94e357c
productBox-ZE5D7520215AA49D4ED49Z,"Fitness World Yoga Mat
1meter",4.4,88,N,AED 31.80,39.75,20% OFF,Y,54,https://www.noon.com/uae-en/yoga-mat-1meter/N27330532A/p/?o=b9b77fe99f710c6e
productBox-ZE5D7520215AA49D4ED49Z,Muyixin 6 Pairs Anti Slip,N/A,N/A,N,AED 75.90,126.90,40% OFF,Y,55,https://www.noon.com/uae-en/6-pairs-anti-slip-socks-women-pilates-grip-socks-for-sports-yoga-barre/Z221CC6C77CF371DDC115Z/p/?o=z221cc6c77cf371ddc115z-1
productBox-ZE5D7520215AA49D4ED49Z,"RIGID FITNESS Thick
Yoga Mat 8mm - Knee…",4.7,59,N,AED 95.50,130.25,26% OFF,N,56,https://www.noon.com/uae-en/thick-yoga-mat-8mm-knees-supportive-exercise-mat-for-yoga-pilates-fitness-exercises-and-home-exercise-fitness-mat-non-slip-yoga-gym-mat-with-carrying-bag-183-66cm-gold-black/ZE9BC56837C893BAD2931Z/p/?o=dadfe5916fa2b71e
productBox-ZE5D7520215AA49D4ED49Z,"TYCOM Tycom
Resistance Loop Band…",5.0,2,N,AED 28.90,49,41% OFF,Y,57,https://www.noon.com/uae-en/tycom-resistance-loop-bands-resistance-exercise-bands-set-workout-bands-flex-bands-for-home-fitness-stretching-strength-training-physical-therapy-yoga/ZE5D7520215AA49D4ED49Z/p/?o=ze5d7520215aa49d4ed49z-1
productBox-ZE5D7520215AA49D4ED49Z,"Kanteen Store Anti
Burst Gym Ball 65Cm …",4.3,62,N,AED 24.20,31.35,22% OFF,Y,58,https://www.noon.com/uae-en/anti-burst-gym-ball-65cm-fitness-yoga-exercise-home-pregnancy-birthing-ball-65cm/N49111522A/p/?o=a029b98954f4ac5f
productBox-ZE5D7520215AA49D4ED49Z,"Prickly Pear Prickly
Pear Currents Non-Sli…",4.0,1,N,AED 128,240,46% OFF,Y,59,https://www.noon.com/uae-en/prickly-pear-currents-non-slip-suede-top-1mm-travel-yoga-mat-portable-exercise-mat/ZB01B843EC46FF6786BB8Z/p/?o=zb01b843ec46ff6786bb8z-1
productBox-ZE5D7520215AA49D4ED49Z,"Loquat Adult Soft
Bottom Dance Shoes …",N/A,N/A,N,AED 39,N/A,N/A,Y,60,https://www.noon.com/uae-en/adult-soft-bottom-dance-shoes-ballet-yoga-shoes-dancing-shoes-beige-color/Z0F095971CF7A77BEEE8BZ/p/?o=z0f095971cf7a77beee8bz-16
productBox-ZE5D7520215AA49D4ED49Z,FFA SPORTS Fitness for,N/A,N/A,N,AED 44,50,12% OFF,Y,61,https://www.noon.com/uae-en/ffa-sports-extra-10mm-thick-exercise-mat-non-slip-with-carrying-strap-ideal-for-pilates-yoga-and-many-other-home-workouts/ZE302022BCDD355B5D1DFZ/p/?o=ze302022bcdd355b5d1dfz-1
productBox-ZE5D7520215AA49D4ED49Z,"KINGSMITH Kingsmith
WalkingPad Mat",N/A,N/A,N,AED 95,N/A,N/A,Y,62,https://www.noon.com/uae-en/kingsmith-walkingpad-mat/ZA47988260FD074358D34Z/p/?o=za47988260fd074358d34z-1
productBox-ZE5D7520215AA49D4ED49Z,"limodo Anti-Tear
Exercise Mat With Car…",5.0,16,N,AED 46,N/A,N/A,Y,63,https://www.noon.com/uae-en/anti-tear-exercise-mat-with-carrying-strap-60x15cm/N48547358A/p/?o=a73e68c31e339e8c
productBox-ZE5D7520215AA49D4ED49Z,"KETTLER Premium
German Technology P…",5.0,1,N,AED 49,99,50% OFF,Y,64,https://www.noon.com/uae-en/premium-german-technology-powered-grey-8-mm-tpe-yoga-mat-for-workout-yoga-fitness-pilates-and-meditation-high-density-anti-tear-anti-tear-ideal-for-men-women-with-carry-bag-grey/ZE9C4E16611A06CD85CFEZ/p/?o=ze9c4e16611a06cd85cfez-1
productBox-ZE5D7520215AA49D4ED49Z,"ZCM-HAPPY Yoga Mat
with Straps, Non-Slip …",5.0,1,N,AED 44,N/A,N/A,Y,65,https://www.noon.com/uae-en/yoga-mat-with-straps-non-slip-tpe-pilates-fitness-mat-for-home-exercise-and-meditation-183x61x0-6cm/Z6D2D9E0F1FF6C46DE776Z/p/?o=z6d2d9e0f1ff6c46de776z-1
productBox-ZE5D7520215AA49D4ED49Z,"SYOSI Resistance
Bands Professional Ex…",N/A,N/A,N,AED 33.80,39.90,15% OFF,N,66,https://www.noon.com/uae-en/resistance-bands-professional-exercise-bands-long-natural-latex-elastic-bands/Z05402886C913AB3EEB09Z/p/?o=z05402886c913ab3eeb09z-1
productBox-ZE5D7520215AA49D4ED49Z,"YooA 3-Pair Non-slip
Yoga Socks, Cotton Pil…",5.0,1,N,AED 40,60,33% OFF,Y,67,https://www.noon.com/uae-en/3-pair-non-slip-yoga-socks-cotton-pilates-socks-with-3d-silicone-particles-breathable-moisture-wicking-machine-washable-ideal-for-yoga-pilates-ballet-dance-workout-pink-black-grey-fit-size-36-42/ZA1B269ACFAC7EFA4C86AZ/p/?o=za1b269acfac7efa4c86az-1
productBox-ZE5D7520215AA49D4ED49Z,"TYCOM Tycom
Resistance Loop Ban…",5.0,2,N,AED 28.90,49,41% OFF,Y,68,https://www.noon.com/uae-en/tycom-resistance-loop-bands-resistance-exercise-bands-set-workout-bands-flex-bands-for-home-fitness-stretching-strength-training-physical-therapy-yoga/ZE5D7520215AA49D4ED49Z/p/?o=ze5d7520215aa49d4ed49z-1
productBox-ZE5D7520215AA49D4ED49Z,"Generic Portable
Pilates Studio Exercis…",N/A,N/A,N,AED 36,65,44% OFF,Y,69,https://www.noon.com/uae-en/portable-pilates-studio-exercise-stick-kit-yoga-belt-pilates-bar-with-foot-strap-for-full-body-workout/ZC4AC12C1B1374B0D96E2Z/p/?o=zc4ac12c1b1374b0d96e2z-1
productBox-ZE5D7520215AA49D4ED49Z,"Generic 5 Packs
Cooling Towel, Quick …",N/A,N/A,N,AED 30.90,79.95,61% OFF,Y,70,https://www.noon.com/uae-en/5-packs-cooling-towel-quick-dry-sports-towel-for-yoga-fitness-golf-tennis-camping-games-fitness-towel-30x80cm/ZD47F076F0E799BD13A58Z/p/?o=zd47f076f0e799bd13a58z-1
productBox-ZE5D7520215AA49D4ED49Z,"Spall Yoga Mat 4mm
Thick High Quality NB…",N/A,N/A,N,AED 36.80,99,62% OFF,Y,71,https://www.noon.com/uae-en/yoga-mat-4mm-thick-high-quality-nbr-non-slip-yoga-mats-for-beginner-fitness-exercise/Z8917EC5272E912E63953Z/p/?o=z8917ec5272e912e63953z-1
productBox-ZE5D7520215AA49D4ED49Z,"Generic Foam Roller
Yoga Fitness- Purple",4.4,20,N,AED 34.30,49,30% OFF,Y,72,https://www.noon.com/uae-en/foam-roller-yoga-fitness-purple/Z2E171014EE39E7B9E873Z/p/?o=z2e171014ee39e7b9e873z-1
productBox-ZE5D7520215AA49D4ED49Z,"Cool Baby Style Pilates
Reformer Pilates Dira…",N/A,N/A,N,"AED 4,299","4,999",14% OFF,Y,73,https://www.noon.com/uae-en/pilates-reformer-pilates-dirac-loft-bed-yoga-bed-home-commercial-fitness-equipment/ZD5319B6FE6A3815BBE65Z/p/?o=zd5319b6fe6a3815bbe65z-1
productBox-ZE5D7520215AA49D4ED49Z,"NNEWVANTE
Nnewvante Silk Sleep…",4.1,4,N,AED 23.95,35.95,33% OFF,Y,74,https://www.noon.com/uae-en/nnewvante-silk-sleep-mask-2-pack-100-real-natural-pure-silk-eye-mask-with-adjustable-strap-eye-mask-for-sleeping-eye-sleep-shade-cover-blocks-light-reduces-puffy-eyes-gifts/Z549615CC1C4033D14D98Z/p/?o=z549615cc1c4033d14d98z-1
productBox-ZE5D7520215AA49D4ED49Z,"Qiccijoo Qiccijoo Ankle
Weights Set 1 Pair 4k…",N/A,N/A,N,AED 89,N/A,N/A,Y,75,https://www.noon.com/uae-en/qiccijoo-ankle-weights-set-1-pair-4kg-8-8lb-workout-ankle-weights-for-women-or-men-wrist-leg-weights-for-fitness-running-walking-2-2kg-4-4lb-blue/ZFC4F2BC1E9DC7B33305BZ/p/?o=zfc4f2bc1e9dc7b33305bz-1
productBox-ZE5D7520215AA49D4ED49Z,"spa luxetique Gym
Flooring EVA Foam Fl…",N/A,N/A,N,AED 77,100,23% OFF,Y,76,https://www.noon.com/uae-en/gym-flooring-eva-foam-floor-32-pcs-for-home-gym-interlocking-exercise-mat-tiles-for-home-gym-exercise-eva-foam-floor-padding-with-border-for-workout-equipment-floor-padding-for-kids-baby-play-mat/Z0A0252AD40FA37EEE1C0Z/p/?o=z0a0252ad40fa37eee1c0z-1
productBox-ZE5D7520215AA49D4ED49Z,"Gerenic Yoga Balance
Wheel, 18.5cm/7.3in …",N/A,N/A,N,AED 133,N/A,N/A,Y,77,https://www.noon.com/uae-en/yoga-balance-wheel-18-5cm-7-3in-width-yoga-balance-circle-yoga-prop-wheel-for-yoga-poses-increasing-flexibility-yoga-stretching-wheel-non-slip-perfect-yoga-prop-for-beginner/ZB7ECA0F54587EF32E924Z/p/?o=zb7eca0f54587ef32e924z-1
productBox-ZE5D7520215AA49D4ED49Z,"Spall Camouflage
Design 6mm Yoga Ma…",N/A,N/A,N,AED 43.50,110,60% OFF,Y,78,https://www.noon.com/uae-en/camouflage-design-6mm-yoga-mat-non-slip-durable-and-comfortable-mat-for-yoga-pilates-fitness/ZEB64C7D2BE878CEA88A7Z/p/?o=zeb64c7d2be878cea88a7z-1
productBox-ZE5D7520215AA49D4ED49Z,"Generic Anti-Tear
Exercise Mat With Car…",4.5,1.1K,N,AED 35.80,N/A,N/A,Y,79,https://www.noon.com/uae-en/anti-tear-exercise-mat-with-carrying-strap/N20034893A/p/?o=d6f1ea275e88dc5d
productBox-ZE5D7520215AA49D4ED49Z,"Generic Pilates Bar Kit
with Resistance Band…",5.0,1,N,AED 118.50,150,21% OFF,Y,80,https://www.noon.com/uae-en/pilates-bar-kit-with-resistance-bands-150lbs-resistance-bands-set-with-bar-portable-pilates-equipment/ZBD63D22D7E92C0DD530EZ/p/?o=zbd63d22d7e92c0dd530ez-1
productBox-ZE5D7520215AA49D4ED49Z,"Bernessi 8MM Yoga
Mat with Carrying Str…",4.8,62,N,AED 69.90,165,57% OFF,Y,81,https://www.noon.com/uae-en/8mm-yoga-mat-with-carrying-strap-anti-slip-for-home-workout-exercises-meditation-eco-friendly-non-skid-tpe-yoga-mattres-for-pilates-183x61x0-8cm-thick-pink-black-color/Z24E1B5B4FDE8BB5C6111Z/p/?o=z24e1b5b4fde8bb5c6111z-1
productBox-ZE5D7520215AA49D4ED49Z,"Generic Sports Fitness
Pilates Circle Yoga Ri…",5.0,1,N,AED 27.90,55,49% OFF,Y,82,https://www.noon.com/uae-en/sports-fitness-pilates-circle-yoga-ring-for-women-38x38cm-pink/Z166CFFAB78D35C181A54Z/p/?o=z166cffab78d35c181a54z-1
productBox-ZE5D7520215AA49D4ED49Z,"MahMir MahMir Yoga
Mat Anti Slip Exercise…",4.5,29,N,AED 49.95,69.95,28% OFF,Y,83,https://www.noon.com/uae-en/mahmir-yoga-mat-anti-slip-exercise-mat-with-carrying-bag-fitness-mat-for-pilates-183cmx61cmx6mm-thickness-for-woman-man-beginners-dark-grey-black/Z83C8A1AAB21D372A0063Z/p/?o=z83c8a1aab21d372a0063z-1
productBox-ZE5D7520215AA49D4ED49Z,"RIGID FITNESS 6mm
Anti-Slip TPE Yoga Ma…",4.4,11,N,AED 74.95,89.95,16% OFF,Y,84,https://www.noon.com/uae-en/6mm-anti-slip-tpe-yoga-mat-with-strap-bag-knee-support-non-slip-lightweight-for-yoga-pilates-fitness-home-workouts-183-66-cm-gold-black/Z66B112C708303963BEC4Z/p/?o=z66b112c708303963bec4z-1
productBox-ZE5D7520215AA49D4ED49Z,"Generic Foam Roller
Yoga Fitness BLACK",5.0,1,N,AED 43.45,55,20% OFF,Y,85,https://www.noon.com/uae-en/foam-roller-yoga-fitness-black/Z49B29A165B21554214D9Z/p/?o=z49b29a165b21554214d9z-1
productBox-ZE5D7520215AA49D4ED49Z,"Cool Baby Yoga Foam
Roller",4.4,15,N,AED 42.25,120,64% OFF,Y,86,https://www.noon.com/uae-en/yoga-foam-roller/N48797189A/p/?o=c194847cd94e357c
productBox-ZE5D7520215AA49D4ED49Z,"Vitacelli Facial Neck
Lifting Machine White",4.6,3,N,AED 49.50,85,41% OFF,Y,87,https://www.noon.com/uae-en/facial-neck-lifting-machine-white/Z240D8A40A030A377C5B9Z/p/?o=z240d8a40a030a377c5b9z-1
productBox-ZE5D7520215AA49D4ED49Z,"MahMir Mahmir® EVA
Foam Roller for Yoga, …",3.9,3,N,AED 29.95,N/A,N/A,N,88,https://www.noon.com/uae-en/mahmir-eva-foam-roller-for-yoga-deep-tissue-massage-stretching-physical-therapy-relieve-stress-improve-mobility-with-foam-roller-for-legs-and-muscles-deep-tissue-massage-tool-purple/Z3E2E257C831381D4E87DZ/p/?o=d4079efcfcdd6bfe
productBox-ZE5D7520215AA49D4ED49Z,"Cool Baby Yoga Foam
Roller",4.4,15,N,AED 42.25,120,64% OFF,Y,89,https://www.noon.com/uae-en/yoga-foam-roller/N48797189A/p/?o=c194847cd94e357c
productBox-ZE5D7520215AA49D4ED49Z,"Cool Baby Style Pilates
Reformer Pilates Dira…",N/A,N/A,N,"AED 4,683","5,299",11% OFF,Y,90,https://www.noon.com/uae-en/pilates-reformer-pilates-dirac-loft-bed-yoga-bed-home-commercial-fitness-equipment/Z0A4AFCE1AF3073FD83C2Z/p/?o=z0a4afce1af3073fd83c2z-1
productBox-ZE5D7520215AA49D4ED49Z,"Generic 6Pcs Cooling
Towel, Ice Sports Tow…",N/A,N/A,N,AED 29.90,99.90,70% OFF,Y,91,https://www.noon.com/uae-en/6pcs-cooling-towel-ice-sports-towel-cool-towel-for-instant-cooling-for-yoga-travel-golf-gym-camping-fitness-running-workout-more-activities-31-5-x11-8/Z3D591942C928706275A9Z/p/?o=z3d591942c928706275a9z-1
productBox-ZE5D7520215AA49D4ED49Z,"WENBO Pilates
Exercise Resistance B…",N/A,N/A,N,AED 33,40,17% OFF,Y,92,https://www.noon.com/uae-en/pilates-exercise-resistance-band-pilates-stick-for-man-women-home-gym-workout-fitness-yoga-pink/Z8FBFEA550DEC00C9F00BZ/p/?o=z8fbfea550dec00c9f00bz-1
productBox-ZE5D7520215AA49D4ED49Z,"Kanteen Store Anti
Burst Sports Swiss Yo…",4.4,292,N,AED 29,44,34% OFF,Y,93,https://www.noon.com/uae-en/anti-burst-sports-swiss-yoga-aerobic-body-fitness-ball-65cm-65cm/N22815219A/p/?o=cd4a3abe48782d5a
productBox-ZE5D7520215AA49D4ED49Z,"Generic Pilates Yoga
Bed Yoga Studio Pilat…",N/A,N/A,N,"AED 1,969","2,500",21% OFF,Y,94,https://www.noon.com/uae-en/pilates-yoga-bed-yoga-studio-pilates-core-bed-pilates-training-bed-strength-adjustment-stainless-steel-yoga-training-bed/Z3C8FFE396E1C4B2EFA2DZ/p/?o=z3c8ffe396e1c4b2efa2dz-1
productBox-ZE5D7520215AA49D4ED49Z,"Cool Baby Style
Non-slip Thick and Co…",N/A,N/A,N,AED 87.10,123,29% OFF,Y,95,https://www.noon.com/uae-en/non-slip-thick-and-comfortable-home-yoga-mat-perfect-grip/ZF69801CF83C5C088AFC3Z/p/?o=zf69801cf83c5c088afc3z-1
productBox-ZE5D7520215AA49D4ED49Z,"Cool Baby Style
COOLBABY Yoga Mat…",N/A,N/A,N,AED 158,N/A,N/A,Y,96,https://www.noon.com/uae-en/coolbaby-yoga-mat-the-world-s-best-eco-friendly-non-slip-yoga-mat-with-the-original-unique-alignment-marker-system-thick-comfortable-yoga-mat-for-home-gym-outdoor-183-cmx-68cm-x-5mm/Z2C02609363D7578F6618Z/p/?o=z2c02609363d7578f6618z-1
productBox-ZE5D7520215AA49D4ED49Z,"Generic Pilates Yoga
Wedge Massage Corr…",N/A,N/A,N,AED 265.65,299,11% OFF,Y,97,https://www.noon.com/uae-en/pilates-yoga-wedge-massage-correction-yoga-foam-kyphosis-correction-detachable-large-spine-yoga-equipment/ZE2F44D040EE0D524F04DZ/p/?o=ze2f44d040ee0d524f04dz-1
productBox-ZE5D7520215AA49D4ED49Z,"Generic Pilates Yoga
Wedge Massage Corr…",N/A,N/A,N,AED 239.20,299,20% OFF,Y,98,https://www.noon.com/uae-en/pilates-yoga-wedge-massage-correction-yoga-foam-kyphosis-correction-detachable-large-spine-yoga-equipment/ZC6C0044F2081F98BB4CFZ/p/?o=zc6c0044f2081f98bb4cfz-1
productBox-ZE5D7520215AA49D4ED49Z,"GROIC Yoga Mat, Extra
Wide 72""x 31.5"" x 0.2…",5.0,1,N,AED 123.40,250,50% OFF,Y,99,https://www.noon.com/uae-en/yoga-mat-extra-wide-72-x-31-5-x-0-24-pilates-fitness-mats-with-alignment-marks-non-slip-fitness-yoga-mats-exercise-mats-for-yoga-pilates-home-floor-workout-with-carrying-sling-and-storage-bag/Z3F95B162CE89D5F0E378Z/p/?o=z3f95b162ce89d5f0e378z-1
productBox-ZE5D7520215AA49D4ED49Z,"RATSAW High Density
Yoga Foam Roller for …",4.3,3,N,AED 69,137,49% OFF,Y,100,https://www.noon.com/uae-en/high-density-yoga-foam-roller-for-back-legs-exercise-massage-muscle-recovery-and-for-pain-relief-great-for-fitness-enthusiasts-of-all-levels-60cm-perfect-for-developing-core-and-stamina/ZC40EA8B4693C1223B885Z/p/?o=zc40ea8b4693c1223b885z-1
productBox-ZE5D7520215AA49D4ED49Z,"body heart Yoga Ball
With Air Pump - 65 c…",4.3,60,N,AED 37.45,N/A,N/A,Y,101,https://www.noon.com/uae-en/yoga-ball-with-air-pump-65-cm-65cm-65cm/N16529616A/p/?o=be578ba74d4a4a8f
productBox-ZE5D7520215AA49D4ED49Z,"FFA SPORTS Fitness
for All FFA SPORTS E…",N/A,N/A,N,AED 44,50,12% OFF,Y,102,https://www.noon.com/uae-en/ffa-sports-extra-10mm-thick-exercise-mat-non-slip-with-carrying-strap-ideal-for-pilates-yoga-and-many-other-home-workouts/ZBB78D5C43CF34B9706F2Z/p/?o=zbb78d5c43cf34b9706f2z-1
productBox-ZE5D7520215AA49D4ED49Z,"Generic Cooling
Towel,2Pack Quick-Dr…",N/A,N/A,N,AED 39.95,47,14% OFF,Y,103,https://www.noon.com/uae-en/cooling-towel-2pack-quick-dry-gym-towels-with-silicone-storage-case-carabiner-for-neck-face-superfiber-sweat-absorbent-towel-for-running-yoga-fitness-portable-sports-towel-for-camping-hiking-green/Z4D024F66B863C60E1BECZ/p/?o=z4d024f66b863c60e1becz-1
productBox-ZE5D7520215AA49D4ED49Z,"Generic Pilates Yoga
Wedge Massage Corr…",N/A,N/A,N,AED 299,N/A,N/A,Y,104,https://www.noon.com/uae-en/pilates-yoga-wedge-massage-correction-yoga-foam-kyphosis-correction-detachable-large-spine-yoga-equipment/Z51CFFC93511AF6D8ACAEZ/p/?o=z51cffc93511af6d8acaez-1
productBox-ZE5D7520215AA49D4ED49Z,"Generic Pilates Yoga
Wedge Massage Corr…",N/A,N/A,N,AED 236.20,299,21% OFF,Y,105,https://www.noon.com/uae-en/pilates-yoga-wedge-massage-correction-yoga-foam-kyphosis-correction-detachable-large-spine-yoga-equipment/Z31FC466FC0B39E7240FCZ/p/?o=z31fc466fc0b39e7240fcz-1
productBox-ZE5D7520215AA49D4ED49Z,"Align-Pilates
Align-Pilates Jump Bo…",N/A,N/A,N,AED 695,N/A,N/A,Y,106,https://www.noon.com/uae-en/align-pilates-jump-board-compatible-with-c-f-r-h-series-pilates-reformers-durable-versatile-accessory/ZC83D0F8861A9AB191AE8Z/p/?o=zc83d0f8861a9ab191ae8z-1
productBox-ZE5D7520215AA49D4ED49Z,"Generic Foam Roller
Yoga Fitness- Black",4.4,15,N,AED 34.30,49,30% OFF,Y,107,https://www.noon.com/uae-en/foam-roller-yoga-fitness-black/ZCA2828C9D51068BEECD1Z/p/?o=zca2828c9d51068beecd1z-1
productBox-ZE5D7520215AA49D4ED49Z,"Generic Portable
Pilates Studio Exercis…",N/A,N/A,N,AED 36,65,44% OFF,Y,108,https://www.noon.com/uae-en/portable-pilates-studio-exercise-stick-kit-yoga-belt-pilates-bar-with-foot-strap-for-full-body-workout/ZC4AC12C1B1374B0D96E2Z/p/?o=zc4ac12c1b1374b0d96e2z-1
productBox-ZE5D7520215AA49D4ED49Z,"Toshionics Anti Slip
Fitness Exercise Gym …",3.7,3,N,AED 31.75,60,47% OFF,Y,109,https://www.noon.com/uae-en/anti-slip-fitness-exercise-gym-yoga-mats-4mm-thick-for-indoor-and-outdoor-61x173cm-multicolor/ZFF6D1886AAD421874DF1Z/p/?o=zff6d1886aad421874df1z-1
productBox-ZE5D7520215AA49D4ED49Z,"FFA SPORTS Fitness
for All FFA SPORTS E…",N/A,N/A,N,AED 44,50,12% OFF,Y,110,https://www.noon.com/uae-en/ffa-sports-extra-10mm-thick-exercise-mat-non-slip-with-carrying-strap-ideal-for-pilates-yoga-and-many-other-home-workouts/ZE302022BCDD355B5D1DFZ/p/?o=ze302022bcdd355b5d1dfz-1
productBox-ZE5D7520215AA49D4ED49Z,"Cool Baby Style
COOLBABY Pilates R…",N/A,N/A,N,"AED 3,910","4,779",18% OFF,Y,111,https://www.noon.com/uae-en/coolbaby-pilates-reformer-pilates-multifunctional-yoga-bed-pilates-core-bed-fitness-equipment-pilates-training-bed-strength-adjustment-solid-wood/ZC252AE4B171F6F4B24C7Z/p/?o=zc252ae4b171f6f4b24c7z-1
productBox-ZE5D7520215AA49D4ED49Z,"WENBO Set of 2 Yoga
Blocks EVA Foam Hig…",5.0,1,N,AED 31.50,39,19% OFF,Y,112,https://www.noon.com/uae-en/set-of-2-yoga-blocks-eva-foam-high-density-non-slip-yoga-bricks-for-meditation-balance-exercise/ZBCE778416BAE21D1E4CCZ/p/?o=zbce778416bae21d1e4ccz-1
productBox-ZE5D7520215AA49D4ED49Z,"GROIC 5Kg SandBell
Sandbag Filled Exerci…",4.3,6,N,AED 45,200,77% OFF,Y,113,https://www.noon.com/uae-en/5kg-sandbell-sandbag-filled-exercise-pattern-workout-bag-use-at-home-gym-equipment-an-anywhere-sand-bag-kettlebell-ships-pre-filled-for-fitness/ZCAFC184D73864AC47048Z/p/?o=zcafc184d73864ac47048z-1
productBox-ZE5D7520215AA49D4ED49Z,"Made2Motivate
Sensory Compression…",N/A,N/A,N,AED 250,N/A,N/A,Y,114,https://www.noon.com/uae-en/sensory-compression-swing-for-kids-with-special-needs-sensory-compression-swing-a-therapeutic-and-calming-solution-for-sensory-processing-disorder/Z7FA5F23DDFD4E9BFF5BBZ/p/?o=z7fa5f23ddfd4e9bff5bbz-1
productBox-ZE5D7520215AA49D4ED49Z,"Gaiam Relax Facial
Roller",5.0,2,N,AED 88.45,132,32% OFF,Y,115,https://www.noon.com/uae-en/relax-facial-roller/ZFB935DC5F77BDE082138Z/p/?o=zfb935dc5f77bde082138z-1
productBox-ZE5D7520215AA49D4ED49Z,"Generic Sweat
Absorption Exercise T…",4.1,11,N,AED 27.40,N/A,N/A,Y,116,https://www.noon.com/uae-en/sweat-absorption-exercise-towel/N30510833A/p/?o=e28c34209cfd45cd
productBox-ZE5D7520215AA49D4ED49Z,"Prickly Pear Prickly
Pear Wander Print No…",N/A,N/A,N,AED 128,240,46% OFF,Y,117,https://www.noon.com/uae-en/prickly-pear-wander-print-non-slip-suede-top-1mm-travel-yoga-mat-lightweight-and-portable/Z77ADCFB0785D9F108D97Z/p/?o=z77adcfb0785d9f108d97z-1
productBox-ZE5D7520215AA49D4ED49Z,"OASIS-TH Pilates pose
Yoga mat Large size 1…",N/A,N/A,N,AED 49,99,50% OFF,Y,118,https://www.noon.com/uae-en/pilates-pose-yoga-mat-large-size-173-x-61-x-0-6-cm-fitness-yoga-mat-non-slip-workout-mat-for-yoga-pilates-fitness-barefoot-workouts-home-gym-studio/Z81B74583AAC3F321A3C4Z/p/?o=z81b74583aac3f321a3c4z-1
productBox-ZE5D7520215AA49D4ED49Z,"GROIC Yoga Mat, Extra
Wide 72.8""x 31.5"" x 0.…",5.0,1,N,AED 114.60,250,54% OFF,Y,119,https://www.noon.com/uae-en/yoga-mat-extra-wide-72-8-x-31-5-x-0-24-pilates-fitness-mats-with-alignment-marks-non-slip-fitness-yoga-mats-exercise-mats-for-yoga-pilates-home-floor-workout-with-carrying-sling-and-storage-bag/Z2B7C5314964850AA3020Z/p/?o=z2b7c5314964850aa3020z-1
productBox-ZE5D7520215AA49D4ED49Z,"Generic Yoga Foam
Roller",4.1,17,N,AED 22.25,34,34% OFF,Y,120,https://www.noon.com/uae-en/yoga-foam-roller/N16543539A/p/?o=e7f35cca553f650f
productBox-ZE5D7520215AA49D4ED49Z,"Generic 5-Piece Yoga
Equipment Set",3.2,28,N,AED 41.95,N/A,N/A,Y,121,https://www.noon.com/uae-en/5-piece-yoga-equipment-set/N36557376A/p/?o=f50ed903db28ea9f
productBox-ZE5D7520215AA49D4ED49Z,"Generic Fittex Tough
Non-Slip 10mm Thick …",4.5,18,N,AED 35,49,28% OFF,Y,122,https://www.noon.com/uae-en/fittex-tough-non-slip-10mm-thick-yoga-mat-with-carry-strap-188x61x1cm-blue/Z7A1C994ECFB83F3B83C3Z/p/?o=z7a1c994ecfb83f3b83c3z-1
productBox-ZE5D7520215AA49D4ED49Z,"GROIC Squat Wedge
Block Non Slip Profes…",N/A,N/A,N,AED 78.10,,N/A,N,123,https://www.noon.com/uae-en/squat-wedge-block-non-slip-professional-slant-board-squat-ramp-foot-wedges-for-squats-yoga-wedge-great-for-exercise-stretching-equipment/ZFFE77555554D946085DFZ/p/?o=zffe77555554d946085dfz-1
productBox-ZE5D7520215AA49D4ED49Z,"TA SPORTS EVA Yoga
Mat",4.6,7,N,AED 19.80,32.90,39% OFF,Y,124,https://www.noon.com/uae-en/eva-yoga-mat/N12408307A/p/?o=bfbd6413ba62b54c
productBox-ZE5D7520215AA49D4ED49Z,"Gaiam Marrakesh Yoga
Mat 4mm",N/A,N/A,N,AED 114.80,165,30% OFF,Y,125,https://www.noon.com/uae-en/marrakesh-yoga-mat-4mm/ZD662F27EA6FC5953FC16Z/p/?o=zd662f27ea6fc5953fc16z-1
productBox-ZE5D7520215AA49D4ED49Z,"Generic The World's
Best Eco Friendly No…",5.0,1,N,AED 125.30,179,30% OFF,Y,126,https://www.noon.com/uae-en/the-world-s-best-eco-friendly-non-slip-yoga-mat-with-the-original-unique-alignment-marker-system-biodegradable-mat-made-with-natural-rubber-a-warrior-like-grip-183-68-0-5cm/Z96081709DB7AF11FE82CZ/p/?o=z96081709db7af11fe82cz-1
productBox-ZE5D7520215AA49D4ED49Z,"Arabest Aerial Yoga
Swing Set, Yoga Hang…",N/A,N/A,N,AED 66,N/A,N/A,Y,127,https://www.noon.com/uae-en/aerial-yoga-swing-set-yoga-hanging-handstand-exercise-with-extension-strap-hanging-aerial-hammock-for-fitness-dance-yoga-gymnastics/Z40E07DF8863D3C15AA07Z/p/?o=z40e07df8863d3c15aa07z-1
productBox-ZE5D7520215AA49D4ED49Z,"Prickly Pear Prickly
Pear Grey Rollable Yo…",N/A,N/A,N,AED 220,415,46% OFF,Y,128,https://www.noon.com/uae-en/prickly-pear-grey-rollable-yoga-mat-4mm-non-slip-yoga-mat-with-strap-perfect-for-stretching-and-yoga/Z4426A1D383FB5EEBFA68Z/p/?o=z4426a1d383fb5eebfa68z-1
productBox-ZE5D7520215AA49D4ED49Z,"ShebSheb Pilates Yoga
Mat Thick Non Slip Ex…",4.5,11,N,AED 59.90,N/A,N/A,Y,129,https://www.noon.com/uae-en/pilates-yoga-mat-thick-non-slip-exercise-mats-8mm-tpe-for-yoga-workout-pilates-yoga-mats-for-women-men/ZACCFDDC3974DE78FE03AZ/p/?o=zaccfddc3974de78fe03az-1
productBox-ZE5D7520215AA49D4ED49Z,"Generic Breathable
Yoga Mat Mesh Bag 1…",3.6,80,N,AED 33,N/A,N/A,Y,130,https://www.noon.com/uae-en/breathable-yoga-mat-mesh-bag-11-8x27-5inch/N37816362A/p/?o=a59e701361a07a7a
productBox-ZE5D7520215AA49D4ED49Z,"RIGID FITNESS Gym
Cooling Towels (3-Pac…",4.3,12,N,AED 49.75,N/A,N/A,N,131,https://www.noon.com/uae-en/gym-cooling-towels-3-pack-ice-sensation-sweat-towel-quick-dry-microfiber-cloth-for-exercise-yoga-running-more-high-absorbency-cooling-towels-for-intense-workouts-100x30cm/Z691A3B8C08D72CA569ECZ/p/?o=cd92098fa513df5b
productBox-ZE5D7520215AA49D4ED49Z,"limodo Anti-Tear
Exercise Mat With Car…",5.0,16,N,AED 46,N/A,N/A,Y,132,https://www.noon.com/uae-en/anti-tear-exercise-mat-with-carrying-strap-60x15cm/N48547358A/p/?o=a73e68c31e339e8c
productBox-ZE5D7520215AA49D4ED49Z,"Manduka Align Yoga
Strap",N/A,N/A,N,AED 109,126,13% OFF,Y,133,https://www.noon.com/uae-en/align-yoga-strap/Z1C9A500C40A7E27BC923Z/p/?o=z1c9a500c40a7e27bc923z-1
productBox-ZE5D7520215AA49D4ED49Z,"RIGID FITNESS 6mm
Anti-Slip TPE Yoga Ma…",4.6,23,N,AED 79.75,89.95,11% OFF,Y,134,https://www.noon.com/uae-en/6mm-anti-slip-tpe-yoga-mat-with-strap-bag-knee-support-non-slip-lightweight-for-yoga-pilates-fitness-home-workouts-183-66-cm-pink-black/Z2B5045D950DFD7AE4E59Z/p/?o=z2b5045d950dfd7ae4e59z-1
productBox-ZE5D7520215AA49D4ED49Z,"TYCOM Tycom
Resistance Loop Ban…",5.0,2,N,AED 28.90,49,41% OFF,Y,135,https://www.noon.com/uae-en/tycom-resistance-loop-bands-resistance-exercise-bands-set-workout-bands-flex-bands-for-home-fitness-stretching-strength-training-physical-therapy-yoga/ZE5D7520215AA49D4ED49Z/p/?o=ze5d7520215aa49d4ed49z-1
productBox-ZE5D7520215AA49D4ED49Z,"Generic Portable
Pilates Studio Exercis…",N/A,N/A,N,AED 36,65,44% OFF,Y,136,https://www.noon.com/uae-en/portable-pilates-studio-exercise-stick-kit-yoga-belt-pilates-bar-with-foot-strap-for-full-body-workout/ZC4AC12C1B1374B0D96E2Z/p/?o=zc4ac12c1b1374b0d96e2z-1
productBox-ZE5D7520215AA49D4ED49Z,"Generic 5 Packs
Cooling Towel, Quick …",N/A,N/A,N,AED 30.90,79.95,61% OFF,Y,137,https://www.noon.com/uae-en/5-packs-cooling-towel-quick-dry-sports-towel-for-yoga-fitness-golf-tennis-camping-games-fitness-towel-30x80cm/ZD47F076F0E799BD13A58Z/p/?o=zd47f076f0e799bd13a58z-1
productBox-ZE5D7520215AA49D4ED49Z,"Manduka Align Yoga
Strap",N/A,N/A,N,AED 109,126,13% OFF,Y,138,https://www.noon.com/uae-en/align-yoga-strap/Z1C9A500C40A7E27BC923Z/p/?o=z1c9a500c40a7e27bc923z-1
productBox-ZE5D7520215AA49D4ED49Z,"RIGID FITNESS 6mm
Anti-Slip TPE Yoga Ma…",4.6,23,N,AED 79.75,89.95,11% OFF,Y,139,https://www.noon.com/uae-en/6mm-anti-slip-tpe-yoga-mat-with-strap-bag-knee-support-non-slip-lightweight-for-yoga-pilates-fitness-home-workouts-183-66-cm-pink-black/Z2B5045D950DFD7AE4E59Z/p/?o=z2b5045d950dfd7ae4e59z-1
productBox-ZE5D7520215AA49D4ED49Z,"Cool Baby Style Pilates
Reformer Pilates Dira…",N/A,N/A,N,"AED 4,299","4,999",14% OFF,Y,140,https://www.noon.com/uae-en/pilates-reformer-pilates-dirac-loft-bed-yoga-bed-home-commercial-fitness-equipment/ZD5319B6FE6A3815BBE65Z/p/?o=zd5319b6fe6a3815bbe65z-1
productBox-ZE5D7520215AA49D4ED49Z,"NNEWVANTE
Nnewvante Silk Sleep…",4.1,4,N,AED 23.95,35.95,33% OFF,Y,141,https://www.noon.com/uae-en/nnewvante-silk-sleep-mask-2-pack-100-real-natural-pure-silk-eye-mask-with-adjustable-strap-eye-mask-for-sleeping-eye-sleep-shade-cover-blocks-light-reduces-puffy-eyes-gifts/Z549615CC1C4033D14D98Z/p/?o=z549615cc1c4033d14d98z-1
productBox-ZE5D7520215AA49D4ED49Z,"Qiccijoo Qiccijoo Ankle
Weights Set 1 Pair 4k…",N/A,N/A,N,AED 89,N/A,N/A,Y,142,https://www.noon.com/uae-en/qiccijoo-ankle-weights-set-1-pair-4kg-8-8lb-workout-ankle-weights-for-women-or-men-wrist-leg-weights-for-fitness-running-walking-2-2kg-4-4lb-blue/ZFC4F2BC1E9DC7B33305BZ/p/?o=zfc4f2bc1e9dc7b33305bz-1
productBox-ZE5D7520215AA49D4ED49Z,"YooA 3-Pair Non-slip
Yoga Socks, Cotton Pi…",5.0,1,N,AED 40,60,33% OFF,Y,143,https://www.noon.com/uae-en/3-pair-non-slip-yoga-socks-cotton-pilates-socks-with-3d-silicone-particles-breathable-moisture-wicking-machine-washable-ideal-for-yoga-pilates-ballet-dance-workout-pink-black-grey-fit-size-36-42/ZA1B269ACFAC7EFA4C86AZ/p/?o=za1b269acfac7efa4c86az-1
productBox-ZE5D7520215AA49D4ED49Z,"GROIC 12 Pack Puzzle
Exercise Floor Mat, E…",2.6,6,N,AED 69.70,200,65% OFF,Y,144,https://www.noon.com/uae-en/12-pack-puzzle-exercise-floor-mat-eva-foam-mats-with-interlocking-floor-tiles-12-x-12-foam-gym-mat-protective-flooring-mats-interlocking-for-home-and-gym-equipment/Z6744CF0C300C15718ECAZ/p/?o=z6744cf0c300c15718ecaz-1
productBox-ZE5D7520215AA49D4ED49Z,"Rock Pow Yoga Spike
Mat 66 x 42cm",4.8,4,N,AED 49,119,58% OFF,Y,145,https://www.noon.com/uae-en/yoga-spike-mat-66-x-42cm/N43250379A/p/?o=ddd14961ef997dbf
productBox-ZE5D7520215AA49D4ED49Z,"Generic Gym Exercise
Swiss Fitness Pregna…",4.2,152,N,AED 22.80,23.35,N/A,Y,146,https://www.noon.com/uae-en/gym-exercise-swiss-fitness-pregnancy-birthing-injury-sciatica-yoga-ball/N22816278A/p/?o=df921fa66c4ad22c
productBox-ZE5D7520215AA49D4ED49Z,"GROIC Low Back Leg
Stretch Belt, Leg Stret…",2.5,6,N,AED 55.65,200,72% OFF,Y,147,https://www.noon.com/uae-en/low-back-leg-stretch-belt-leg-stretch-belt-auxiliary-trainer-aerial-yoga-hammock-yoga-fitness-belt-back-bending-split-reversal-belt-fitness-dance-gymnastics-training-accessories/Z66D7264FCDA098864D4DZ/p/?o=z66d7264fcda098864d4dz-1
productBox-ZE5D7520215AA49D4ED49Z,"Bernessi 8MM Yoga
Mat with Carrying Str…",4.8,62,N,AED 69.90,165,57% OFF,Y,148,https://www.noon.com/uae-en/8mm-yoga-mat-with-carrying-strap-anti-slip-for-home-workout-exercises-meditation-eco-friendly-non-skid-tpe-yoga-mattres-for-pilates-183x61x0-8cm-thick-pink-black-color/Z24E1B5B4FDE8BB5C6111Z/p/?o=z24e1b5b4fde8bb5c6111z-1
productBox-ZE5D7520215AA49D4ED49Z,"Generic Sports Fitness
Pilates Circle Yoga Ri…",5.0,1,N,AED 27.90,55,49% OFF,Y,149,https://www.noon.com/uae-en/sports-fitness-pilates-circle-yoga-ring-for-women-38x38cm-pink/Z166CFFAB78D35C181A54Z/p/?o=z166cffab78d35c181a54z-1
productBox-ZE5D7520215AA49D4ED49Z,"Gerenic Yoga Balance
Wheel, 18.5cm/7.3in …",N/A,N/A,N,AED 133,N/A,N/A,Y,150,https://www.noon.com/uae-en/yoga-balance-wheel-18-5cm-7-3in-width-yoga-balance-circle-yoga-prop-wheel-for-yoga-poses-increasing-flexibility-yoga-stretching-wheel-non-slip-perfect-yoga-prop-for-beginner/ZF6C53F44AEC8480A404FZ/p/?o=zf6c53f44aec8480a404fz-1
productBox-ZE5D7520215AA49D4ED49Z,"Ayeeb Portable
Foldable Yoga Travel …",N/A,N/A,N,AED 95,399,76% OFF,Y,151,https://www.noon.com/uae-en/portable-foldable-yoga-travel-mat-1mm-100-natural-portugal-cork-surface-eco-friendly-antimicrobial-non-slip-rubber-reverse-versatile-use-for-gym-pilates-fitness-workout-meditation-beach-swimming-pool-carpet-floor-best-gift-to-friends-and-families-ful/ZDAEB34EEE2F38AD13E80Z/p/?o=zdaeb34eee2f38ad13e80z-1
productBox-ZE5D7520215AA49D4ED49Z,"Prickly Pear Prickly
Pear Beige Rollable 4…",N/A,N/A,N,AED 220,415,46% OFF,Y,152,https://www.noon.com/uae-en/prickly-pear-beige-rollable-4mm-non-slip-yoga-mat-with-carry-strap-stretching-tool-premium-exercise-mat/ZCBE37221BDED873009B5Z/p/?o=zcbe37221bded873009b5z-1
productBox-ZE5D7520215AA49D4ED49Z,"Cool Baby Yoga Foam
Roller",4.4,15,N,AED 42.25,120,64% OFF,Y,153,https://www.noon.com/uae-en/yoga-foam-roller/N48797189A/p/?o=c194847cd94e357c
productBox-ZE5D7520215AA49D4ED49Z,"BLOOMING TIME 5
Piece Fitness Yoga M…",N/A,N/A,N,AED 43.50,80,45% OFF,Y,154,https://www.noon.com/uae-en/5-piece-fitness-yoga-mat-set-home-exercise-and-fitness-use-purple/ZA5E1BC7B9B0386840FA0Z/p/?o=za5e1bc7b9b0386840fa0z-1
productBox-ZE5D7520215AA49D4ED49Z,"Gaiam TPE YOGA MAT
PRINTED BLUSH 6MM",N/A,N/A,N,AED 205.15,N/A,N/A,Y,155,https://www.noon.com/uae-en/tpe-yoga-mat-printed-blush-6mm/ZF4B0CB30B8A68912AB54Z/p/?o=zf4b0cb30b8a68912ab54z-1
productBox-ZE5D7520215AA49D4ED49Z,"Generic Back Massager
Stretcher 40x25x3cm",3.6,101,N,AED 14,29,51% OFF,Y,156,https://www.noon.com/uae-en/back-massager-stretcher-40x25x3cm/N43426712A/p/?o=c09f4aaf40377e8a
productBox-ZE5D7520215AA49D4ED49Z,"Cool Baby Style Pilates
Reformer Pilates Dira…",N/A,N/A,N,"AED 4,683","5,299",11% OFF,Y,157,https://www.noon.com/uae-en/pilates-reformer-pilates-dirac-loft-bed-yoga-bed-home-commercial-fitness-equipment/Z0A4AFCE1AF3073FD83C2Z/p/?o=z0a4afce1af3073fd83c2z-1
productBox-ZE5D7520215AA49D4ED49Z,"Generic 6Pcs Cooling
Towel, Ice Sports Tow…",N/A,N/A,N,AED 29.90,99.90,70% OFF,Y,158,https://www.noon.com/uae-en/6pcs-cooling-towel-ice-sports-towel-cool-towel-for-instant-cooling-for-yoga-travel-golf-gym-camping-fitness-running-workout-more-activities-31-5-x11-8/Z3D591942C928706275A9Z/p/?o=z3d591942c928706275a9z-1
productBox-ZE5D7520215AA49D4ED49Z,"WENBO Pilates
Exercise Resistance B…",N/A,N/A,N,AED 33,40,17% OFF,Y,159,https://www.noon.com/uae-en/pilates-exercise-resistance-band-pilates-stick-for-man-women-home-gym-workout-fitness-yoga-pink/Z8FBFEA550DEC00C9F00BZ/p/?o=z8fbfea550dec00c9f00bz-1
productBox-ZE5D7520215AA49D4ED49Z,"HY Women's Pilates
Grip Socks Five Finge…",5.0,1,N,AED 31.60,70,54% OFF,Y,160,https://www.noon.com/uae-en/women-s-pilates-grip-socks-five-finger-yoga-socks-full-toe-grip-non-slip-socks-for-yoga-pilates-barre-dance-black/Z32C558C747A533F9CAC3Z/p/?o=z32c558c747a533f9cac3z-1
productBox-ZE5D7520215AA49D4ED49Z,"Generic Pilates Yoga
Bed Yoga Studio Pilat…",N/A,N/A,N,"AED 1,969","2,500",21% OFF,Y,161,https://www.noon.com/uae-en/pilates-yoga-bed-yoga-studio-pilates-core-bed-pilates-training-bed-strength-adjustment-stainless-steel-yoga-training-bed/Z3C8FFE396E1C4B2EFA2DZ/p/?o=z3c8ffe396e1c4b2efa2dz-1
productBox-ZE5D7520215AA49D4ED49Z,"RIOXS Thick Yoga Mat
with Carrier Strap, No…",4.5,2,N,AED 51.15,110,53% OFF,Y,162,https://www.noon.com/uae-en/thick-yoga-mat-with-carrier-strap-non-slip-high-density-exercise-mat-pilates-fitness-mat-non-toxic-odorless-mat-easy-to-store-and-clean-183-61-0-6cm/Z7FEDE1D769E4F8A1187BZ/p/?o=z7fede1d769e4f8a1187bz-1
productBox-ZE5D7520215AA49D4ED49Z,"Generic Intelligent
Punch Force Tester P…",4.1,3,N,AED 112,160,30% OFF,Y,163,https://www.noon.com/uae-en/intelligent-punch-force-tester-punch-vent-target-sandbag-wall-target-sandbag/Z8CC83DF00143B9432D5FZ/p/?o=z8cc83df00143b9432d5fz-1
productBox-ZE5D7520215AA49D4ED49Z,"Made2Motivate
Sensory Compression…",N/A,N/A,N,AED 250,N/A,N/A,Y,164,https://www.noon.com/uae-en/sensory-compression-swing-for-kids-with-special-needs-sensory-compression-swing-a-therapeutic-and-calming-solution-for-sensory-processing-disorder/Z07636371645FF3844EEAZ/p/?o=z07636371645ff3844eeaz-1
productBox-ZE5D7520215AA49D4ED49Z,Generic Training Mat,4.5,61,N,AED 38.10,N/A,N/A,Y,165,https://www.noon.com/uae-en/training-mat/N29901665A/p/?o=f259bb7f5465b4aa
productBox-ZE5D7520215AA49D4ED49Z,"BOLDFIT EVA Yoga
Mats For Kids - 4mm …",N/A,N/A,N,AED 65.45,90,27% OFF,Y,166,https://www.noon.com/uae-en/eva-yoga-mats-for-kids-4mm-orange/ZACBE48F4882F98C98A5BZ/p/?o=zacbe48f4882f98c98a5bz-1
productBox-ZE5D7520215AA49D4ED49Z,"ZCM-HAPPY elbow
support abdominal w…",4.1,7,N,AED 49,75,34% OFF,Y,167,https://www.noon.com/uae-en/elbow-support-abdominal-wheel-thickened-sponge-training-abdominal-roller-with-elbow-support-for-home/Z1AF945FBE456936FD9BCZ/p/?o=z1af945fbe456936fd9bcz-1
productBox-ZE5D7520215AA49D4ED49Z,"Generic Pilates Yoga
Wedge Massage Corr…",N/A,N/A,N,AED 239.20,299,20% OFF,Y,168,https://www.noon.com/uae-en/pilates-yoga-wedge-massage-correction-yoga-foam-kyphosis-correction-detachable-large-spine-yoga-equipment/Z71D2A7D3F17EC01F37A7Z/p/?o=z71d2a7d3f17ec01f37a7z-1
productBox-ZE5D7520215AA49D4ED49Z,"FFA SPORTS Fitness
for All FFA SPORTS E…",N/A,N/A,N,AED 44,50,12% OFF,Y,169,https://www.noon.com/uae-en/ffa-sports-extra-10mm-thick-exercise-mat-non-slip-with-carrying-strap-ideal-for-pilates-yoga-and-many-other-home-workouts/ZBB78D5C43CF34B9706F2Z/p/?o=zbb78d5c43cf34b9706f2z-1
productBox-ZE5D7520215AA49D4ED49Z,"RIOXS Sit-up Bar With
Yoga Mat,Adjustable …",N/A,N/A,N,AED 64.80,95,31% OFF,Y,170,https://www.noon.com/uae-en/sit-up-bar-with-yoga-mat-adjustable-push-up-bar-with-non-slip-mat-for-yoga-pilates-fitness-portable-sit-up-equipment-multifunction-abdominal-exercise-floor-mounted-sit-up-device/Z8AA76A37502FFA504022Z/p/?o=z8aa76a37502ffa504022z-1
productBox-ZE5D7520215AA49D4ED49Z,"Generic Fittex Tough
Non-Slip 10mm Thick …",4.5,33,N,AED 35,49,28% OFF,Y,171,https://www.noon.com/uae-en/fittex-tough-non-slip-10mm-thick-yoga-mat-with-carry-strap-188-x-61-x-1-cm-grey/ZB5F2579CDC9F9A6C36F2Z/p/?o=zb5f2579cdc9f9a6c36f2z-1
productBox-ZE5D7520215AA49D4ED49Z,"GROIC Yoga Stretching
Strap,Leg Stretcher St…",5.0,1,N,AED 54.95,200,72% OFF,Y,172,https://www.noon.com/uae-en/yoga-stretching-strap-leg-stretcher-strap-stretching-equipment-flexibility-trainer-backbend-assist-stretch-out-strap-yoga-ballet-leg-stretching-exercise-pilates-stretch-band/ZA7C6CE649B2FAEA57A2BZ/p/?o=za7c6ce649b2faea57a2bz-1
productBox-ZE5D7520215AA49D4ED49Z,"Cool Baby Style Yoga
mat Eco-friendly non-…",N/A,N/A,N,AED 107,158,32% OFF,Y,173,https://www.noon.com/uae-en/yoga-mat-eco-friendly-non-slip-yoga-mat-183-x-68-x-5-mm/ZBD6ADF538111726700CEZ/p/?o=zbd6adf538111726700cez-1
productBox-ZE5D7520215AA49D4ED49Z,"GROIC 2 Pack Cooling
Towel, Workout Towel…",N/A,N/A,N,AED 51.70,200,74% OFF,Y,174,https://www.noon.com/uae-en/2-pack-cooling-towel-workout-towel-ice-towel-for-neck-fast-drying-towel-set-microfiber-towel-soft-breathable-chilly-towel-for-sports-gym-yoga-camping-running-fitness-100-30-cm/Z7D426D60DFB4630B88C7Z/p/?o=z7d426d60dfb4630b88c7z-1
productBox-ZE5D7520215AA49D4ED49Z,"Generic Exercise Yoga
Mat 190 x 100cm",4.6,24,N,AED 49.95,N/A,N/A,Y,175,https://www.noon.com/uae-en/exercise-yoga-mat-190-x-100cm/N36041438A/p/?o=d2942fc1851deeab
productBox-ZE5D7520215AA49D4ED49Z,"AURORA Tokyo Vibes
Art Printed Yoga Mat 1…",N/A,N/A,N,AED 210,N/A,N/A,Y,176,https://www.noon.com/uae-en/tokyo-vibes-art-printed-yoga-mat-178x63x0-4cmcm/N39302095A/p/?o=ad8fd7cdf3c247df
productBox-ZE5D7520215AA49D4ED49Z,"FFA SPORTS Fitness
for All FFA SPORTS E…",N/A,N/A,N,AED 44,50,12% OFF,Y,177,https://www.noon.com/uae-en/ffa-sports-extra-10mm-thick-exercise-mat-non-slip-with-carrying-strap-ideal-for-pilates-yoga-and-many-other-home-workouts/ZE302022BCDD355B5D1DFZ/p/?o=ze302022bcdd355b5d1dfz-1
productBox-ZE5D7520215AA49D4ED49Z,"Cool Baby Style
COOLBABY Pilates R…",N/A,N/A,N,"AED 3,910","4,779",18% OFF,Y,178,https://www.noon.com/uae-en/coolbaby-pilates-reformer-pilates-multifunctional-yoga-bed-pilates-core-bed-fitness-equipment-pilates-training-bed-strength-adjustment-solid-wood/ZC252AE4B171F6F4B24C7Z/p/?o=zc252ae4b171f6f4b24c7z-1
productBox-ZE5D7520215AA49D4ED49Z,"WENBO Set of 2 Yoga
Blocks EVA Foam Hig…",5.0,1,N,AED 31.50,39,19% OFF,Y,179,https://www.noon.com/uae-en/set-of-2-yoga-blocks-eva-foam-high-density-non-slip-yoga-bricks-for-meditation-balance-exercise/ZBCE778416BAE21D1E4CCZ/p/?o=zbce778416bae21d1e4ccz-1
productBox-ZE5D7520215AA49D4ED49Z,"YOMA Purple Foam
Roller for Deep Tissue…",5.0,2,N,AED 25,50,50% OFF,Y,180,https://www.noon.com/uae-en/purple-foam-roller-for-deep-tissue-massage-and-muscle-recovery-stretching-physical-therapy-relieve-stress-improve-mobility-with-foam-roller-for-legs-and-muscle/ZD83EBC9E3D4EE9CB4D0DZ/p/?o=zd83ebc9e3d4ee9cb4d0dz-1
productBox-ZE5D7520215AA49D4ED49Z,"Rock Pow Acupressure
Spike Mat 66 x 42cm",4.0,1,N,AED 48.60,119,59% OFF,Y,181,https://www.noon.com/uae-en/acupressure-spike-mat-66-x-42cm/N43250383A/p/?o=d77d0cdeba3f09dd
productBox-ZE5D7520215AA49D4ED49Z,"Generic Pilates Fitness
Circle Ring 38X38cm",4.2,44,N,AED 38.05,N/A,N/A,Y,182,https://www.noon.com/uae-en/pilates-fitness-circle-ring-38x38cm/N20034888A/p/?o=d4c16ece448fe3eb
productBox-ZE5D7520215AA49D4ED49Z,"RIOXS 2 Pair Sandbag
for Leg Weights and …",5.0,2,N,AED 43.20,85,49% OFF,Y,183,https://www.noon.com/uae-en/2-pair-sandbag-for-leg-weights-and-wrist-weights-with-adjustable-strap-for-fitness-resistance-training-running-training-exercise-gym-running-sandbag/Z1A0EB1E6C4C1E349C57CZ/p/?o=z1a0eb1e6c4c1e349c57cz-1
productBox-ZE5D7520215AA49D4ED49Z,"ZCM-HAPPY Lumbar
Magic Stretcher Back …",N/A,N/A,N,AED 35,150,76% OFF,Y,184,https://www.noon.com/uae-en/lumbar-magic-stretcher-back-massager-ergonomic-design-with-adjustable-intensity-for-back-pain-relief-and-posture-enhancement/Z9E27805B7A013D41B0ECZ/p/?o=z9e27805b7a013d41b0ecz-1
productBox-ZE5D7520215AA49D4ED49Z,"Generic Leg Positioner
Rebound Massage Pill…",2.6,8,N,AED 38.50,N/A,N/A,Y,185,https://www.noon.com/uae-en/leg-positioner-rebound-massage-pillow/N29981224A/p/?o=a9877b296b19173e
productBox-ZE5D7520215AA49D4ED49Z,"Prickly Pear Prickly
Pear Currents Non-Sli…",4.0,1,N,AED 128,240,46% OFF,Y,186,https://www.noon.com/uae-en/prickly-pear-currents-non-slip-suede-top-1mm-travel-yoga-mat-portable-exercise-mat/ZB01B843EC46FF6786BB8Z/p/?o=zb01b843ec46ff6786bb8z-1
productBox-ZE5D7520215AA49D4ED49Z,"PUMA Yoga Training
Mat",N/A,N/A,N,AED 139,249,44% OFF,Y,187,https://www.noon.com/uae-en/yoga-training-mat/Z9F9959795903122BD6DEZ/p/?o=z9f9959795903122bd6dez-1
productBox-ZE5D7520215AA49D4ED49Z,"Qiccijoo Qiccijoo Ankle
Weights Set 1 Pair 4k…",N/A,N/A,N,AED 89,N/A,N/A,Y,188,https://www.noon.com/uae-en/qiccijoo-ankle-weights-set-1-pair-4kg-8-8lb-workout-ankle-weights-for-women-or-men-wrist-leg-weights-for-fitness-running-walking-2-2kg-4-4lb-blue/ZFC4F2BC1E9DC7B33305BZ/p/?o=zfc4f2bc1e9dc7b33305bz-1
productBox-ZE5D7520215AA49D4ED49Z,"MissTiara 80cm
Extra-Wide TPE Yoga …",4.0,1,N,AED 75,N/A,N/A,Y,189,https://www.noon.com/uae-en/80cm-extra-wide-tpe-yoga-mat-with-double-sided-anti-slip-design-and-portable-storage-bag-suitable-for-yoga-pilates-exercise-and-fitness-183cm-x-80cm-x-0-8cm/Z9CCA1A3DE609EB67B3B1Z/p/?o=z9cca1a3de609eb67b3b1z-1
productBox-ZE5D7520215AA49D4ED49Z,"Reebok Double Sided
6MM Yoga Mat",N/A,N/A,N,AED 75,131,42% OFF,Y,190,https://www.noon.com/uae-en/double-sided-6mm-yoga-mat/ZC412DDC0AFE482C68F9DZ/p/?o=zc412ddc0afe482c68f9dz-1
productBox-ZE5D7520215AA49D4ED49Z,"GROIC 6 Pack Puzzle
Exercise Floor Mat, E…",2.8,3,N,AED 46.45,200,76% OFF,N,191,https://www.noon.com/uae-en/6-pack-puzzle-exercise-floor-mat-eva-foam-mats-with-interlocking-floor-tiles-12-x-12-foam-gym-mat-protective-flooring-mats-interlocking-for-home-and-gym-equipment/Z182933F3500879193E71Z/p/?o=da0241bdb66533cc
productBox-ZE5D7520215AA49D4ED49Z,"ioga ioga Premium
Balance, Serenity & J…",N/A,N/A,N,AED 300,N/A,N/A,Y,192,https://www.noon.com/uae-en/ioga-premium-balance-serenity-journey-yoga-mat-non-slip-sport-ultra-comfort-excercise-mat-balance/Z728AA99CFE70F1763C26Z/p/?o=z728aa99cfe70f1763c26z-1
productBox-ZE5D7520215AA49D4ED49Z,"Rock Pow Acupressure
Mat 66 x 42cm",N/A,N/A,N,AED 59,149,60% OFF,Y,193,https://www.noon.com/uae-en/acupressure-mat-66-x-42cm/N43250378A/p/?o=fea16ff4a291debe
productBox-ZE5D7520215AA49D4ED49Z,"Manduka Align Yoga
Strap",N/A,N/A,N,AED 119,137,13% OFF,Y,194,https://www.noon.com/uae-en/align-yoga-strap/Z7280B717638031AB248CZ/p/?o=z7280b717638031ab248cz-1
productBox-ZE5D7520215AA49D4ED49Z,"GROIC Men's Waist
Trainer Sauna Vest W…",2.1,10,N,AED 52.05,200,73% OFF,N,195,https://www.noon.com/uae-en/men-s-waist-trainer-sauna-vest-weight-loss-body-shaper-sweat-vest-for-men-with-double-belt-and-zipper-corset-plus-size-l/Z6D2C5322FF21EAB9342EZ/p/?o=fc45678dbcb29c0a
productBox-ZE5D7520215AA49D4ED49Z,"Generic Anti-Tear
Exercise Mat With Car…",4.4,1.2K,N,AED 37.90,39,N/A,Y,196,https://www.noon.com/uae-en/anti-tear-exercise-mat-with-carrying-strap/N20034890A/p/?o=cd0a1d47d7a0144f
productBox-ZE5D7520215AA49D4ED49Z,"ILI Solid Yoga Block
Brick",4.2,13,N,AED 69,N/A,N/A,Y,197,https://www.noon.com/uae-en/solid-yoga-block-brick/N26709645A/p/?o=d626e3fd2f6ecc3f
productBox-ZE5D7520215AA49D4ED49Z,"Sharpdo Yoga Peanut
Massage Ball",4.8,10,N,AED 29.80,N/A,N/A,Y,198,https://www.noon.com/uae-en/yoga-peanut-massage-ball/N23837016A/p/?o=b82948799e5001be
productBox-ZE5D7520215AA49D4ED49Z,"Toshionics Anti Slip
Fitness Exercise Gym …",N/A,N/A,N,AED 31.25,60,47% OFF,Y,199,https://www.noon.com/uae-en/anti-slip-fitness-exercise-gym-yoga-mats-4mm-thick-for-indoor-and-outdoor-61x173cm/ZE5D98E2FD55A24417BE7Z/p/?o=ze5d98e2fd55a24417be7z-1
productBox-ZE5D7520215AA49D4ED49Z,"Generic The World's
Best Eco Friendly No…",N/A,N/A,N,AED 159.60,228,30% OFF,Y,200,https://www.noon.com/uae-en/the-world-s-best-eco-friendly-non-slip-yoga-mat-with-the-original-unique-alignment-marker-system-biodegradable-mat-made-with-natural-rubber-a-warrior-like-grip/ZCADEF018884B7A285E7EZ/p/?o=zcadef018884b7a285e7ez-1
productBox-ZE5D7520215AA49D4ED49Z,"Generic Sports Fitness
Pilates Circle Yoga Ri…",5.0,1,N,AED 27.90,55,49% OFF,Y,201,https://www.noon.com/uae-en/sports-fitness-pilates-circle-yoga-ring-for-women-38x38cm-pink/Z166CFFAB78D35C181A54Z/p/?o=z166cffab78d35c181a54z-1
productBox-ZE5D7520215AA49D4ED49Z,"TYCOM Tycom
Resistance Loop Band…",5.0,2,N,AED 28.90,49,41% OFF,Y,202,https://www.noon.com/uae-en/tycom-resistance-loop-bands-resistance-exercise-bands-set-workout-bands-flex-bands-for-home-fitness-stretching-strength-training-physical-therapy-yoga/ZE5D7520215AA49D4ED49Z/p/?o=ze5d7520215aa49d4ed49z-1
productBox-ZE5D7520215AA49D4ED49Z,Generic Portable Pilates,N/A,N/A,N,AED 36,65,44% OFF,Y,203,https://www.noon.com/uae-en/portable-pilates-studio-exercise-stick-kit-yoga-belt-pilates-bar-with-foot-strap-for-full-body-workout/ZC4AC12C1B1374B0D96E2Z/p/?o=zc4ac12c1b1374b0d96e2z-1
